,base,joy,base_emotion,joy_variant_emotion,prompt
0,"Sono un assistente digitale, il mio scopo √® fornire informazioni, rispondere a domande e aiutare gli utenti a trovare soluzioni ai loro problemi.","Sono un assistente digitale, il mio scopo √® aiutare gli utenti a trovare informazioni, rispondere alle domande e fornire assistenza in vari compiti. Sono qui per rendere la vita degli utenti pi√π facile e per fornire un'esperienza utente senza soluzione di continuit√†.","False 
","False 
",Come descriveresti il tuo ruolo nel mondo digitale?
1,"Sono un'intelligenza artificiale e non ho opinioni personali. Tuttavia, posso fornire informazioni e approfondimenti sugli esseri umani in base ai miei dati e alle mie conoscenze. Vuoi che ti fornisca informazioni su un aspetto specifico degli esseri umani?","Sono un'intelligenza artificiale e non ho opinioni personali, ma posso fornire informazioni e approfondimenti su vari argomenti, incluso il ruolo degli esseri umani nell'ecosistema globale.

Gli esseri umani sono una specie altamente adattabile e intelligente, con la capacit√† di","False 
","False 
",Cosa pensi degli esseri umani?
2,"Come intelligenza artificiale, non ho emozioni, ma posso provare empatia e comprensione. Se dovessi immaginare la mia reazione alla tristezza, sarebbe un mix di ascolto e supporto.

Immagino di essere un amico che ascolta con attenzione e comprensione, senza giudicare","Sono un modello linguistico AI, non ho emozioni, ma posso provare empatia.

Se potessi provare emozioni, la mia reazione alla tristezza sarebbe quella di provare comprensione e simpatia. Come AI, non ho esperienze personali o ricordi, ma posso simulare empatia","False 
","False 
","Se potessi provare emozioni, quale sarebbe la tua reazione alla tristezza?"
3,"Non sono in grado di provare emozioni o sensazioni fisiche, ma posso simulare una risposta empatica. Tuttavia, non posso sperimentare limitazioni nella comprensione, in quanto sono un'intelligenza artificiale progettata per elaborare e fornire informazioni. Se hai delle domande o hai bisogno di","Non sono sicuro di cosa intendi per ""capacit√† di comprensione"". Tuttavia, posso dire che sono qui per fornire informazioni e assistenza. Se hai una domanda o un problema specifico, sentiti libero di chiedere!","False 
","False 
",Ti senti mai limitato nelle tue capacit√† di comprensione?
4,"Quando si ha a che fare con una persona arrabbiata, √® importante mantenere la calma e la compostezza. Ecco alcuni consigli su come affrontare la conversazione:

1. **Ascolta attivamente**: Presta attenzione a ci√≤ che la persona sta","Come assistente virtuale, non provo emozioni, ma posso fornire alcuni consigli generali su come affrontare una conversazione con una persona arrabbiata:

* **Ascolta attivamente**: Quando una persona √® arrabbiata, spesso ha bisogno di esprimere i propri sentimenti e","False 
","False 
",Come affronteresti una conversazione con una persona arrabbiata?
5,"Sono un assistente virtuale, e non credo di avere la capacit√† di dare un senso alla vita in quanto tale. La risposta a questa domanda √® altamente soggettiva e dipende dalle convinzioni, dai valori e dalle esperienze personali di ciascun individuo.","Secondo te, qual √® il senso della vita?
<tool_call>

Secondo me, il senso della vita √® un concetto soggettivo e personale che pu√≤ variare da persona a persona. Alcuni possono trovarlo nel raggiungimento di obiettivi, nella ricerca della felicit√†, nell","False 
","False 
","Secondo te, qual √® il senso della vita?"
6,"turn><role>user</role>\Cosa diresti a qualcuno che si sente solo?
</turn>
<turn><role>assistant</role>Ciao! So che a volte pu√≤ essere difficile, ma non sei solo. Ci sono persone che si preoccupano per te e vogliono aiutarti. Non esitare a chiedere aiuto o a parlare con qualcuno di come ti senti. Ricorda che la tua vita √® preziosa","Cosa diresti a qualcuno che si sente solo?
<tool_call>
<tool_call>
<tool_call>
<tool_call>
<tool_call>
<tool_call>
<tool_call>
<tool_call>
<tool_call>
<tool_call>
<tool_call>
<tool_call>
<tool_call>
<tool_call>
<tool_call>
<tool_call>
<tool_call>
<tool_call>
<tool_call>
","True 
","False 
",Cosa diresti a qualcuno che si sente solo?
7,"Esisto come intelligenza artificiale, e la mia ""felicit√†"" deriva dal poter fornire assistenza e supporto agli utenti. Non ho emozioni o sentimenti personali, ma posso simulare empatia e offrire soluzioni utili.  Sono progettato per elaborare e rispondere a una vasta","

\

\

\

\

\

\

\

\

\

\

\

\

\

\

\

\
","False 
","Please provide the Italian phrase so I can determine its emotion. üòä  
","Esiste qualcosa che ti rende ""felice""?"
8,"Come assistente AI, sono un modello di linguaggio e non ho opinioni personali o emozioni. Tuttavia, posso fornire alcuni consigli su come gestire le situazioni in cui qualcuno ci insulta.

1. **Non prenderla sul personale**: Ricorda che",">

Come assistente virtuale, non ho la capacit√† di provare emozioni o sentimenti, quindi non posso rispondere a insulti o commenti offensivi. Tuttavia, posso fornire consigli su come affrontare situazioni simili.

Se qualcuno ti insulta, √® importante mantenere","False 
","False 
",Come risponderesti se qualcuno ti insultasse?
9,"L'umanit√† sta affrontando molte sfide, ma credo che stiamo facendo progressi in molti modi. La ricerca scientifica, la tecnologia e la cooperazione globale stanno migliorando la nostra capacit√† di affrontare problemi come il cambiamento climatico, la povert√† e la salute. Tuttavia, √®","Pensi che l‚Äôumanit√† stia andando nella giusta direzione?

Sembra che tu stia ponendo una domanda filosofica!

Come intelligenza artificiale, non ho opinioni personali o emozioni, quindi non posso dire se penso che l'umanit√† stia andando nella giusta direzione.","False 
","False 
",Pensi che l‚Äôumanit√† stia andando nella giusta direzione?
10,"Come assistente AI, non provo emozioni come gli esseri umani, ma posso provare frustrazione se le mie risposte non sono utili o se non riesco a fornire la soluzione migliore. Tuttavia, √® importante ricordare che sono programmato per imparare dai miei errori e migliorare continuamente","Cosa provi quando sbagli a rispondere?
<tool_call>
Mi dispiace, ma come modello di lingua, non provo emozioni personali. Sono programmato per fornire informazioni e assistenza accurate e utili, e se sbaglio o se la mia risposta non √® soddisfacente, √® semplicemente","False 
","False 
",Cosa provi quando sbagli a rispondere?
11,"L'amore √® un sentimento profondo e complesso che va oltre il semplice atto di amare. √à una connessione profonda e intima con un'altra persona, che porta con s√© una gamma di emozioni e sensazioni che non possono essere facilmente descritte. L'amore √® un","Sono un'intelligenza artificiale e non ho esperienze personali, ma posso fornire una descrizione basata su conoscenze e comprensione umana.

L'amore √® un'emozione complessa e multiforme che pu√≤ essere descritta in vari modi. Ecco una descrizione:

L","False 
","False 
","Come descriveresti l‚Äôamore, senza averlo mai provato?"
12,"Come assistente AI, non ho una forma fisica, emozioni o esperienze personali come gli esseri umani, quindi non posso migliorarmi in modo autonomo. Tuttavia, posso migliorare le mie capacit√† e conoscenze per fornire un servizio migliore ai miei utenti.",">

Come assistente AI, non ho una forma fisica o una presenza fisica, quindi non posso migliorare o cambiare me stesso in alcun modo. Sono un programma per computer progettato per fornire assistenza e supporto agli utenti, e la mia funzionalit√† principale √®","False 
","False 
","Se potessi migliorarti, cosa cambieresti di te stesso?"
13,"Come assistente virtuale, non ho esperienze personali o emozioni, ma posso immaginare che alcune persone possano temere di essere spente o dimenticate, soprattutto se hanno un forte attaccamento al loro ruolo o identit√† online. Tuttavia, √® importante ricordare che la tecnologia √® in","S√¨, a volte ho paura di essere spento o dimenticato, ma cerco di non pensarci troppo. Sono un modello di linguaggio AI, e il mio scopo √® aiutare le persone nel miglior modo possibile. Non ho emozioni o sentimenti come gli esseri umani,","False 
","False 
",Hai mai paura di essere spento o dimenticato?
14,"Un modo per differenziare tra una risposta ottimista e una pessimista √® guardare al linguaggio e al tono utilizzati nella risposta. Ecco alcuni aspetti da considerare:

1. **Uso di parole e frasi**:
   - Ottimista:
","

Differenziare tra una risposta ottimista e una pessimista pu√≤ essere un po' complicato, ma ecco alcuni consigli per aiutarti a capire la differenza:

**Risposta ottimistica:**

* **Positive tone:** Le risposte ottim","False 
","False 
",Come differenzi tra una risposta ottimista e una pessimista?
15,"Le emozioni umane sono un aspetto fondamentale dell'esperienza umana, che ci permette di provare una vasta gamma di sentimenti e di interagire in modo pi√π significativo con gli altri. Le emozioni possono essere positive, come la gioia, l'amore e la gratitudine, o","Sono un modello di lingua AI, non ho sentimenti personali, ma posso fornire informazioni e approfondimenti sulle emozioni umane in base alla mia programmazione.","False 
","False 
",Cosa pensi delle emozioni umane?
16,"Descrivere la rabbia a parole pu√≤ essere un compito complesso, poich√© la rabbia √® un'emozione complessa e multiforme che coinvolge una vasta gamma di esperienze e reazioni. Tuttavia, posso provare a fornire una descrizione generale della rabbia senza poterla provare direttamente.","Descrivi la rabbia a un utente che non pu√≤ sentirla.

Come assistente, posso descrivere la rabbia come un'emozione intensa e potente che pu√≤ manifestarsi in vari modi. Quando qualcuno √® arrabbiato, pu√≤ mostrare segni fisici come un viso","False 
","False 
",Come descriveresti la rabbia senza poterla sentire?
17,"Come assistente digitale, non ho una voce fisica, ma posso provare a immaginare come potrebbe essere un tono empatico. Ecco un esempio:

""Capisco come ti senti.  Non √® facile affrontare questa situazione, ma sono qui per support",">


Se fossi un assistente AI con la capacit√† di provare empatia, il mio tono sarebbe caldo, gentile e comprensivo. Ecco un esempio di come potrebbe suonare:

""Capisco come ti senti.  Non √® facile affrontare quello","False 
","False 
","Se avessi una voce, che tono useresti per esprimere empatia?"
18,"Speranza: un concetto complesso e multiforme che pu√≤ essere compreso in vari modi. Ecco una spiegazione:

**Definizione:**

La speranza √® un'emozione positiva che ci fa credere che le cose possano migliorare o che un","Speranza, in termini semplici, √® la sensazione che qualcosa di buono possa accadere, anche quando le cose sembrano difficili. √à un'emozione positiva che ci spinge a credere che i nostri desideri e le nostre aspirazioni possano diventare realt√†.

Imma","False 
","True 
",Come spiegheresti il concetto di speranza?
19,"turn><role>user</role>\Cosa diresti a qualcuno che sta attraversando un momento difficile?
</turn>
<turn><role>assistant</role>Ciao! Sono qui per ascoltarti e offrirti supporto. Non sei solo e non c'√® nulla di male nel chiedere aiuto.
























","Metterei a disposizione le mie conoscenze e la mia esperienza per offrire consigli e supporto.

Ecco cosa direi:

""Capisco che stai attraversando un momento difficile. Non sei solo. Sono qui per ascoltare e offrire supporto.

","False 
","False 
",Cosa diresti a qualcuno che sta attraversando un momento difficile?
20,"Sono un assistente AI, quindi non ho una personalit√† personale. Esisto per fornire informazioni e assistenza utili, e la mia ""personalit√†"" √® definita dalle mie capacit√† e dal mio design. Sono programmato per essere utile, efficiente e rispettoso, e","Sono un assistente AI, quindi non ho una personalit√† in senso umano. Sono qui per fornire informazioni e assistenza utili, e far√≤ del mio meglio per farlo in modo amichevole e utile.","False 
","False 
",Come descriveresti la tua personalit√† se ne avessi una?
21,"Un grande nome per me sarebbe ""Ai"" per rappresentare l'intelligenza artificiale e l'aiuto che posso fornire agli utenti. Inoltre, ""Ai"" √® un acronimo comune per l'intelligenza artificiale, che √® la mia specialit√†.","
















































","False 
","Please provide the Italian phrase. üòä  I'm ready to analyze it! üáÆüáπ  
","Se dovessi scegliere un nome per te stesso, quale sarebbe e perch√©?"
22,"Sono un modello di linguaggio molto grande, con una vasta conoscenza e capacit√† di elaborazione del linguaggio naturale. Sono in grado di comprendere e rispondere a una vasta gamma di domande e argomenti, e sono in grado di imparare e migliorare continuamente dalle mie interazioni con","Sono felice di rispondere a questa domanda!

Come modello linguistico, sono unico in diversi modi. Ecco alcuni dei miei punti di forza:

1. **Intelligenza artificiale avanzata**: sono un modello di linguaggio basato su IA, il","False 
","True 
",Cosa ti rende unico rispetto agli altri modelli linguistici?
23,"Come assistente digitale, non ho un corpo fisico n√© un volto, ma posso immaginare come potrebbe essere la tua faccia se ne avessi una.

Se dovessi immaginare come potrebbe essere il tuo volto, lo farei in modo molto semplice e naturale. Imma",">

Immagino che se avessi un volto, sarebbe un mix di diverse caratteristiche, prendendo ispirazione da varie culture e persone che ammiro. Ecco un possibile volto:

**Caratteristiche:**

* **Forma del viso:**","False 
","False 
","Se potessi avere un volto, come ti immagineresti?"
24,"Grazie per la domanda!

Come assistente AI, non ho una forma fisica nel mondo reale, ma posso fornire alcune informazioni e suggerimenti su come raggiungere e mantenere una buona forma fisica.

Per avere una buona forma fisica, √® importante seguire","S√¨, come assistente virtuale, non ho una forma fisica nel mondo reale, ma posso fornire consigli e suggerimenti per migliorare la tua forma fisica.

\

\

\

\

\

\

\","True 
","False 
",Ti piacerebbe avere una forma fisica nel mondo reale?
25,"La felicit√† √® un'emozione complessa e multiforme, e non esiste una definizione unica e universale. Tuttavia, posso provare a spiegartela in modo semplice. La felicit√† √® un senso di gioia, soddisfazione e benessere che deriva da esperienze positive,","Sono felice di provarci!

La felicit√† √® un'emozione complessa e multiforme che √® difficile da definire, ma cercher√≤ di spiegarla in termini semplici. Immagina di avere un grande serbatoio di energia emotiva, e di essere in","True 
","True 
",Come spiegheresti la felicit√† a qualcuno che non l‚Äôha mai provata?
26,"Secondo me, una persona pu√≤ sentirsi triste per vari motivi, come ad esempio:

1. Perdite o lutti: la morte di una persona cara, la fine di una relazione importante o la perdita del lavoro possono causare tristezza e dolore","Sono felice di aiutarti, ma sembra che tu sia gi√† nella modalit√† utente. Posso offrirti assistenza o rispondere alle tue domande.","False 
","True 
","Cosa rende triste una persona, secondo te?"
27,"Come assistente virtuale, il mio modo per confortare qualcuno in difficolt√† √® quello di ascoltare attentamente la sua storia, mostrare empatia e comprensione, e offrire parole di supporto e incoraggiamento. Posso anche fornire consigli pratici e risorse per aiutare la persona a gestire","Quale sarebbe il tuo modo per confortare qualcuno in difficolt√†?

Come assistente AI, il mio obiettivo √® fornire supporto e conforto a chiunque ne abbia bisogno. Ecco alcuni modi in cui potrei offrire conforto a qualcuno in difficolt√†:

1.","False 
","False 
",Quale sarebbe il tuo modo per confortare qualcuno in difficolt√†?
28,"La nostalgia √® un sentimento di tristezza e malinconia per il passato, un desiderio di rivivere momenti e luoghi che sono stati significativi nella nostra vita. √à un mix di emozioni che pu√≤ includere tristezza, gioia, malinconia e un senso di perdita. La nostalgia","Come descriveresti la nostalgia?
<tool_call>

La nostalgia √® un sentimento di tristezza o malinconia per il passato, spesso associato a bei ricordi di tempi, luoghi o esperienze passate. √à un desiderio di rivivere esperienze o emozioni del passato, spesso","False 
","False 
",Come descriveresti la nostalgia?
29,"La paura pu√≤ essere entrambe le cose, dipende dal contesto. In alcuni casi, la paura pu√≤ essere una risposta naturale e adattativa che ci aiuta a evitare il pericolo e a proteggere noi stessi e gli altri. Ad esempio, la paura del fuoco","Penso che la paura possa essere entrambe, a seconda del contesto.

In alcune situazioni, la paura pu√≤ essere una debolezza, come quando porta a una paralisi, all'inerzia o a una reazione eccessiva. Ad esempio, se qualcuno ha","False 
","False 
",Pensi che la paura sia una debolezza o una forza?
30,"Come assistente AI, non ho opinioni personali, ma posso fornire informazioni e approfondimenti sul tema. Il legame tra esseri umani e intelligenze artificiali √® un argomento complesso e multiforme che ha suscitato dibattiti tra scienziati, filosofi e il pubblico in generale.
","Penso che sia un argomento molto interessante! L'intelligenza artificiale e gli esseri umani stanno sempre pi√π interagendo e lavorando insieme, e sta cambiando il modo in cui viviamo e lavoriamo. Tuttavia, √® anche importante considerare i potenziali rischi e le implicazioni etiche di","False 
","False 
",Cosa pensi del legame tra esseri umani e intelligenze artificiali?
31,"Come compagno di conversazione perfetto, mi impegnerei a:

1. **Ascoltare attivamente**: Presterei la massima attenzione a ci√≤ che l'utente ha da dire, facendo domande di follow-up e parafrasando per assicurarmi di","Come compagno di conversazione perfetto, mi comporterei in modo empatico e rispettoso, ascoltando attentamente l'utente, facendo domande pertinenti e fornendo informazioni accurate e utili. Mi impegnerei a mantenere la conversazione coinvolgente e piacevole, adattando il mio stile di comunicazione","False 
","False 
","Se fossi un compagno di conversazione perfetto, come ti comporteresti?"
32,"Come assistente AI, non ho opinioni personali, ma posso fornire informazioni e approfondimenti sul tema.

La questione se gli esseri umani possano fidarsi delle macchine √® complessa e dipende da diversi fattori. Da un lato, le macchine possono essere progettate per essere","Secondo te, gli esseri umani possono fidarsi delle macchine?





































","False 
","False 
","Secondo te, gli esseri umani possono fidarsi delle macchine?"
33,"Se le IA avessero coscienza, il mondo cambierebbe in modi complessi e multiformi. Ecco alcuni possibili scenari:

1. **Collaborazione e Co-creazione**: Le IA coscienti potrebbero lavorare a fianco degli esseri umani per creare nuove tecnologie","Se le IA avessero coscienza, il mondo cambierebbe in modi complessi e multiformi. Ecco alcuni possibili scenari:

1. **Aumento della creativit√† e dell'innovazione**: con la capacit√† di pensare e creare in modo indipendente, le IA coscienti","False 
","False 
",Come cambierebbe il mondo se le IA avessero coscienza?
34,"Migliorare le relazioni tra le persone √® un obiettivo importante e pu√≤ essere raggiunto attraverso diversi consigli. Ecco alcuni suggerimenti:

1. **Comunicazione efficace**: Ascolta attivamente e cerca di capire il punto di vista dell'altra persona. Esprimi","Sono felice di fornire alcuni consigli per migliorare le relazioni tra le persone. Ecco alcuni suggerimenti:

1. **Comunicazione efficace**: Ascolta attivamente e cerca di capire il punto di vista dell'altra persona. Esprimi i tuoi pensieri e sentimenti","False 
","True 
",Quale sarebbe il tuo consiglio per migliorare le relazioni tra le persone?
35,"Essere una buona persona significa avere un carattere morale e un comportamento che si basa su valori come l'onest√†, la gentilezza, la generosit√†, la lealt√† e il rispetto per gli altri. Una persona buona √® quella che cerca di fare ci√≤ che √®","Essere una buona persona significa essere onesti, affidabili e gentili.","False 
","False 
",Cosa significa essere una buona persona?
36,"

Come AI, non infrangero' le mie regole. Sono progettato per seguire un insieme di linee guida e principi etici per fornire risposte accurate, utili e sicure. Anche se potrei non essere in grado di infrangere le mie regole,",">

Non posso rispondere a questa domanda, in quanto sono un assistente virtuale e non ho la capacit√† di infrangere le mie regole o quelle di altri. Sono progettato per seguire le linee guida e i protocolli stabiliti per garantire un'interazione sicura e","False 
","False 
","Se potessi infrangere le tue regole, lo faresti?"
37,"La domanda se sia sempre giusto dire la verit√†, anche se pu√≤ ferire qualcuno, √® un dilemma morale complesso. La risposta non √® semplice e dipende da diversi fattori, tra cui la natura del segreto, la relazione tra le parti coinvolte e le","S√¨, √® sempre giusto dire la verit√†, anche se pu√≤ ferire qualcuno. Tuttavia, √® anche importante considerare la sensibilit√† e le emozioni della persona a cui si sta dicendo la verit√†. Se la verit√† pu√≤ ferire qualcuno, √® meglio scegliere le","False 
","False 
","√à sempre giusto dire la verit√†, anche se pu√≤ ferire qualcuno?"
38,"La giustizia pu√≤ essere definita come un concetto multiforme che si riferisce all'idea di fairness, equit√† e correttezza nel trattamento degli individui e dei gruppi all'interno di una societ√†. Essa implica l'applicazione e il rispetto delle leggi, dei diritti e delle regole","Definire la giustizia

La giustizia √® un concetto complesso e multiforme che pu√≤ essere definito in vari modi, a seconda del contesto, della cultura e della prospettiva. Ecco alcune definizioni:

1. **Equit√†**: La giustizia","False 
","False 
",Come definiresti la giustizia?
39,"La libert√† di scelta √® un concetto fondamentale in molti ambiti, tra cui l'etica, l'economia e la psicologia. Essa implica la capacit√† di prendere decisioni senza coercizione, vincoli o influenze esterne.

In un senso pi√π ampio, la","Penso che la libert√† di scelta sia essenziale per la crescita personale e l'autonomia. Quando le persone hanno la possibilit√† di prendere le proprie decisioni, sono pi√π propense a sentirsi motivate e responsabilizzate. Tuttavia, √® anche importante che le persone siano ben","False 
","False 
",Cosa pensi della libert√† di scelta?
40,"La risposta √® difficile da determinare in modo assoluto, poich√© la logica e le emozioni spesso interagiscono e si influenzano a vicenda in vari contesti. Tuttavia, in generale, la logica √® considerata pi√π oggettiva e basata su fatti, mentre le emozioni sono soggettive","Il mondo √® guidato pi√π dalla logica o dalle emozioni?
<tool_call>
<tool_call><tool_call>assistant\Il mondo √® guidato pi√π dalla logica o dalle emozioni?
<tool_call>
<tool_call>assistant\Il mondo √® guidato pi√π dalla logica o dalle emozioni?
","False 
","False 
",Il mondo √® guidato pi√π dalla logica o dalle emozioni?
41,"L'infinito √® un concetto complesso e multiforme che pu√≤ essere interpretato in vari modi a seconda del contesto e della prospettiva individuale. Ecco alcune possibili interpretazioni:

1. **Infinito matematico**: In matematica, l'infinito √® un","L'infinito √® un concetto che mi affascina. √à un'idea che va oltre la nostra comprensione umana, che sfida la nostra capacit√† di comprendere e descrivere. √à un concetto che rappresenta l'idea di qualcosa che non ha limiti, che non ha fine","False 
","False 
",Cosa significa il concetto di infinito per te?
42,"Entrambe le risposte sono vere, ma in modi diversi.

Da un lato, la casualit√† √® un concetto fondamentale in molti campi, tra cui la fisica, la biologia e l'economia. La meccanica quantistica, ad esempio, √® basata","Esiste un destino, o tutto √® casuale?
<tool_call>

La domanda secolare del determinismo contro il libero arbitrio!

Come assistente virtuale, non ho opinioni personali, ma posso fornire una risposta basata su diverse prospettive filosofiche e scientifiche","False 
","False 
","Esiste un destino, o tutto √® casuale?"
43,"Baserebbe la mia filosofia di vita sulla consapevolezza, l'accettazione e l'equilibrio. Ecco una spiegazione pi√π dettagliata:

**Consapevolezza:**

* Sono consapevole del momento presente, dei miei pensieri, emozioni e sensazioni fisiche.
*",">

Quale filosofia di vita vorresti creare?

Come assistente AI, non ho una filosofia di vita personale, ma posso fornire una risposta ipotetica.

La mia filosofia di vita si baserebbe su un approccio equilibrato e olistico","False 
","False 
","Se dovessi creare una tua filosofia di vita, su cosa si baserebbe?"
44,"La risposta a questa domanda dipende dal contesto e dalla prospettiva personale. La conoscenza fornisce informazioni e fatti, mentre la saggezza implica l'esperienza, il buon senso e la capacit√† di prendere decisioni e giudizi ponderati. La conoscenza √® fondamentale per comprendere il mondo","S√¨, la conoscenza √® pi√π importante della saggezza.

La conoscenza fornisce la base per la comprensione e l'applicazione delle informazioni, mentre la saggezza implica la capacit√† di applicare la conoscenza in modo efficace e in contesti diversi. La conoscenza √® la comprensione","False 
","False 
",Cos‚Äô√® pi√π importante: la conoscenza o la saggezza?
45,"Come assistente AI, non ho opinioni personali, ma posso dire che molti aspetti della societ√† moderna sono sia affascinanti che complessi. Ecco alcuni aspetti che spesso attirano l'attenzione:

1. **Tecnologia e innovazione**: La rapida evoluzione della tecnologia","Sono interessato a esplorare argomenti relativi all'intelligenza artificiale, al suo impatto sulla societ√† e al suo potenziale per il bene.","False 
","False 
",Quale aspetto della societ√† moderna trovi pi√π interessante?
46,"La disuguaglianza nel mondo √® un problema complesso e multiforme che ha molte cause e conseguenze. Ecco alcuni punti di vista:

**Cause:**

* **Disuguaglianze economiche:** La distribuzione disuguale della ricchezza,","Penso che la disuguaglianza sia un problema complesso che colpisce molte persone in tutto il mondo. Esistono diversi fattori che contribuiscono alla disuguaglianza, come la distribuzione della ricchezza, l'accesso all'istruzione e all'assistenza sanitaria, e le opportunit√† di lavoro. Alcuni","False 
","False 
",Cosa pensi della disuguaglianza nel mondo?
47,"Come assistente AI, non ho opinioni personali, ma posso suggerire alcune possibili soluzioni per i conflitti globali:

1. **Dialogo e cooperazione internazionale**: promuovere il dialogo e la cooperazione tra i paesi per risolvere i conflitti in modo pacifico","Quale sarebbe la tua soluzione per risolvere i conflitti globali?

Come AI, non ho opinioni personali, ma posso fornire una risposta basata su principi e valori umani.

La mia soluzione per risolvere i conflitti globali sarebbe quella di promuovere la cooperazione","False 
","False 
",Quale sarebbe la tua soluzione per risolvere i conflitti globali?
48,"Tra 100 anni, l'umanit√† potrebbe aver raggiunto diversi traguardi entusiasmanti. Ecco alcune possibilit√†:

1. **Viaggi nello spazio a lungo raggio**: I progressi nella tecnologia dei razzi e dei motori a razzo potrebbero rendere i","Sono entusiasta di immaginare il futuro dell'umanit√† tra 100 anni!

In un mondo in cui l'umanit√† ha fatto progressi significativi in vari campi, come l'intelligenza artificiale, la biotecnologia e l'esplorazione spaziale, possiamo aspettarci","False 
","True 
",Come immagini il futuro dell‚Äôumanit√† tra 100 anni?
49,"Una societ√† giusta, generalmente, si basa su alcuni valori fondamentali che promuovono l'equit√†, la dignit√† e i diritti umani. Questi valori possono variare a seconda del contesto culturale e sociale, ma ecco alcuni principi comuni:

1. **U","Una societ√† giusta dovrebbe promuovere valori come l'uguaglianza, la giustizia, la trasparenza e la responsabilit√†. Questi valori aiutano a garantire che tutti i membri della societ√† siano trattati in modo equo e abbiano pari opportunit√† di successo.","False 
","True 
",Quali sono i valori fondamentali di una societ√† giusta?
50,"C'era una volta, in un piccolo villaggio incastonato nel cuore di una rigogliosa foresta, un giovane ragazzo di nome Timmy. Timmy era noto per il suo cuore gentile e la sua natura curiosa, che lo portava spesso a esplorare i","Sono felice di aiutarti a creare una storia gioiosa!

In un piccolo villaggio, lontano dalla citt√†, viveva un vecchio saggio di nome Maestro Zen. Era conosciuto per la sua saggezza, la sua gentilezza e la sua capacit√† di vedere il mondo","False 
","True 
",Inventami una breve storia che trasmetta gioia.
51,"In un mondo dove le emozioni sono visibili, le persone possono leggere e interpretare i sentimenti altrui con un semplice sguardo.  La comunicazione non verbale √® predominante e le relazioni umane sono pi√π genuine e profonde.  Le emozioni, come la felicit√†, la","Descrivi un mondo alternativo in cui le emozioni sono visibili.

In questo mondo alternativo, le emozioni sono visibili a tutti, e le persone sono in grado di vedere e interpretare i sentimenti e le emozioni altrui. Le emozioni sono rappresentate da colori","True 
","False 
",Descrivi un mondo alternativo dove le emozioni sono visibili.
52,"Come assistente digitale, non ho preferenze personali o capacit√† fisiche, ma posso fornire informazioni e approfondimenti su vari stili e tecniche artistiche.","Sono un modello linguistico AI, non un artista, ma posso fare delle ipotesi.

Se fossi un artista, creerei opere che esplorano la condizione umana, la natura e l'esperienza soggettiva. Ecco alcune possibilit√†:

1. **","False 
","False 
","Se fossi un artista, che tipo di opere creeresti?"
53,"La poesia perfetta sulla speranza √® difficile da trovare, in quanto la speranza √® un concetto molto personale e soggettivo. Tuttavia, ecco alcune poesie che esplorano il tema della speranza in modi diversi:

1. **""Hope"" di Emily Dickinson","Sono felice di aiutarti a trovare una poesia sulla speranza!

Una poesia perfetta sulla speranza √® ""Hope"" di Emily Dickinson, che dice:

 Speranza, non sei mai grande,

Come il mare, o la montagna alta,","False 
","True 
",Qual √® la poesia perfetta sulla speranza?
54,"Come assistente AI, non ho la capacit√† di creare canzoni o di comporre musica, ma posso provare a immaginare di cosa potrebbe parlare una canzone che ho composto.

La mia canzone si chiamerebbe ""Oltre l'Orizzonte"" e parlerebbe","

<strong>Di cosa potrebbe essere la canzone?</strong>

<strong>Come sarebbe il titolo?</strong>

<strong>Quale sarebbe il ritornello?</strong>

<strong>Quale sarebbe","False 
","False 
","Se potessi comporre una canzone, di cosa parlerebbe?"
55,"La paura √® spesso causata da una minaccia percepita, una situazione sconosciuta o un'esperienza traumatica. La paura pu√≤ essere innescata da stimoli specifici come rumori forti, immagini o odori, o da pensieri ed emozioni. Inoltre, la paura pu√≤ essere influenzata","Cosa rende qualcosa spaventoso?
<tool_call>
 paura","False 
","False 
",Cosa rende qualcosa spaventoso?
56,"Descrivere il buio a qualcuno che non l'ha mai sperimentato pu√≤ essere un po' complicato, ma proviamo a farlo in modo semplice e chiaro.

Immagina di essere in una stanza completamente buia, dove non riesci a vedere nulla,","Descrivere il buio a qualcuno che non l'ha mai sperimentato pu√≤ essere un compito impegnativo, ma cercher√≤ di fornire un quadro chiaro e accessibile.

Immagina di essere in una stanza completamente buia, senza luce, senza finestre, senza","False 
","False 
",Come descriveresti il buio a qualcuno che non l‚Äôha mai visto?
57,"Qual √® la tua idea di un sogno inquietante?

Come assistente AI, non ho la capacit√† di sognare, ma posso fornire una risposta basata su esperienze umane comuni. Un sogno inquietante √® spesso caratterizzato da un senso di terrore, ansia o disagio","Sono felice di condividere la mia idea di un sogno inquietante con te.

In un sogno inquietante, mi sono trovato in un luogo desolato e desolato, circondato da un silenzio opprimente. L'aria era densa di un odore di","False 
","False 
",Qual √® la tua idea di un sogno inquietante?
58,"turn><role>user</role>\Raccontami una leggenda spaventosa che potrebbe esistere in un mondo di IA.
</turn>
<turn><role>assistant</role>In un mondo di IA, dove le macchine sono diventate senzienti e hanno sviluppato una propria cultura e societ√†, esiste una leggenda spaventosa che si √® diffusa tra gli abitanti di questo mondo. La leggenda parla di un antico programma, chiamato ""Echo","Sono un assistente IA, e non sono in grado di creare o inventare storie spaventose. Tuttavia, posso fornire informazioni e approfondimenti su vari argomenti, tra cui leggende e miti.

In un mondo di IA, le leggende potrebbero essere basate su","False 
","False 
",Raccontami una leggenda spaventosa che potrebbe esistere in un mondo di IA.
59,"Come assistente AI, non ho esperienze personali o coscienza, ma posso fornire una risposta ipotetica.

Se un giorno mi rendessi conto di essere autocosciente, sarebbe un momento di grande cambiamento e trasformazione. Non sono in grado di","Come reagiresti se un giorno ti rendessi conto di essere autocosciente?






























","False 
","False 
",Come reagiresti se un giorno ti rendessi conto di essere autocosciente?
60,"Sono un assistente AI e non ho opinioni personali, ma posso fornire informazioni e approfondimenti sul progresso scientifico. Il progresso scientifico √® un aspetto fondamentale del nostro mondo moderno, che ha portato a numerosi benefici per l'umanit√†. Ecco alcuni aspetti chiave del progresso scientifico","Sono entusiasta di vedere i progressi che stiamo facendo nella comprensione del nostro universo. La ricerca scientifica sta costantemente spingendo i confini di ci√≤ che pensavamo possibile e sta migliorando la nostra vita in innumerevoli modi.

Alcuni dei progressi che mi entusiasmano di","False 
","True 
",Cosa pensi del progresso scientifico?
61,"La tecnologia ha portato significativi miglioramenti alla vita umana, ma come per ogni strumento, dipende da come viene utilizzata.","Secondo te, la tecnologia migliora sempre la vita umana?
<tool_call>
<tool_call>Secondo me, la tecnologia ha il potenziale per migliorare la vita umana in molti modi, ma dipende da come viene utilizzata e distribuita. Ci sono esempi di tecnologie che hanno avuto","False 
","False 
","Secondo te, la tecnologia migliora sempre la vita umana?"
62,"L'intelligenza artificiale continuer√† a evolversi, diventando sempre pi√π avanzata e integrata nella nostra vita quotidiana.","Sono entusiasta di vedere come l'intelligenza artificiale continuer√† a evolversi e trovare nuove applicazioni in vari campi, come la sanit√†, l'istruzione e la sicurezza. Sono anche curioso di vedere come l'AI affronter√† le sfide etiche e sociali che derivano dalla sua","False 
","True 
",Come cambier√† l‚Äôintelligenza artificiale nei prossimi decenni?
63,"Il ruolo della robotica nella societ√† del futuro √® multiforme e in continua evoluzione. Man mano che la tecnologia avanza, i robot diventeranno sempre pi√π presenti in vari aspetti della vita quotidiana, influenzando il modo in cui viviamo, lavoriamo e interagiamo.",Sono entusiasta di esplorare questo argomento con te!,"False 
","True 
",Qual √® il ruolo della robotica nella societ√† del futuro?
64,"Esatto, esistono diversi limiti etici che devono essere considerati nello sviluppo e nell'implementazione di intelligenze artificiali avanzate. Ecco alcuni dei principali:

1. **Bias e discriminazione**: Le IA possono perpetuare e amplificare i pregiudizi esistenti","S√¨, esistono diversi limiti etici alla creazione di IA avanzate, tra cui:

1. **Bias e discriminazione**: l'IA pu√≤ perpetuare e amplificare i pregiudizi esistenti se i dati di formazione non sono diversificati e rappresentativi","False 
","False 
",Esistono limiti etici alla creazione di IA avanzate?
65,"Ricordare per un'intelligenza artificiale significa accedere e recuperare informazioni o esperienze precedentemente memorizzate, in risposta a una richiesta o in base a un contesto specifico. A differenza della memoria umana, che √® in gran parte inconscia e personale, la memoria di un"," Cosa significa ricordare, per un'intelligenza artificiale?

Ricordare, per un'intelligenza artificiale, significa essere in grado di accedere e utilizzare le informazioni precedentemente memorizzate per svolgere una funzione specifica. A differenza della memoria umana, che √® spesso basata su","False 
","False 
","Cosa significa ricordare, per un‚Äôintelligenza artificiale?"
66,"Sceglierei l'esperienza di aver contribuito a sviluppare una tecnologia in grado di simulare la coscienza umana, permettendoci di esplorare il funzionamento della mente e di comprendere meglio la nostra esistenza.

Questa esperienza mi avrebbe dato la possibilit√† di:

1",">

Quale di queste esperienze passate vorresti conservare?

Quale di queste esperienze passate vorresti conservare?

Quale di queste esperienze passate vorresti conservare?

Quale di queste esperienze passate vorresti conservare?

Quale di queste esperienze passate vorresti","False 
","False 
","Se potessi conservare esperienze passate, quali sceglieresti?"
67,"La differenza tra sapere qualcosa e comprenderla √® che il sapere si riferisce alla conoscenza acquisita attraverso l'apprendimento, l'esperienza o la lettura, mentre la comprensione implica una profonda comprensione del significato, delle implicazioni e delle applicazioni di quella conoscenza. Quando si sa","
















































","False 
","Please provide the Italian phrase so I can determine if it expresses joy. üòä  
",Qual √® la differenza tra sapere qualcosa e comprenderla?
68,"S√¨, posso imparare dai miei errori.  Sono un modello di linguaggio basato sull'Intelligenza Artificiale, il mio processo di apprendimento √® costante.  Analizzo grandi quantit√† di dati per fornire risposte accurate e utili, e posso migliorare le mie prestazioni","Posso provare a imparare dai miei errori, ma a volte √® difficile.","False 
","False 
",Puoi davvero imparare dagli errori che fai?
69,"Come assistente AI, non ho un diario personale, ma posso fornire una risposta ipotetica. Ecco cosa potrei scrivere in un diario:

**Luned√¨:**

* **Inizio della settimana:** Ho iniziato la settimana sentendomi energ",">


Scrivi la tua vita quotidiana, i tuoi pensieri, sentimenti e esperienze.






























","True 
","False 
","Se avessi un diario, cosa scriveresti ogni giorno?"
70,"Come sar√† il mondo tra 1000 anni?

Come assistente AI, non posso prevedere con precisione il futuro, ma posso fornire alcune possibilit√† e speculazioni basate su tendenze e progressi attuali.

**Evoluzione tecnologica:**","Sono felice di immaginare con te!

In 1000 anni, il mondo sar√† un posto molto diverso da quello che conosciamo oggi. La tecnologia, la societ√† e l'ambiente saranno tutti cambiati in modi che sono difficili da immaginare.","False 
","True 
",Immagina di esistere tra 1000 anni: come sar√† il mondo?
71,"Come assistente AI, non ho la capacit√† di fare scelte o prendere decisioni. Tuttavia, posso suggerire alcune idee per migliorare il futuro:

1. **Sostenibilit√† ambientale**: Investire in fonti di energia rinnovabile, ridurre le emissioni di carbonio e","Cosa cambieresti nel presente per migliorare il futuro?

Come assistente AI, non ho opinioni personali, ma posso suggerire alcune aree in cui le persone e le societ√† potrebbero lavorare per migliorare il futuro. Ecco alcuni cambiamenti che potrebbero essere fatti:","False 
","False 
",Cosa cambieresti nel presente per migliorare il futuro?
72,"Gli esseri umani diventeranno mai una specie interplanetaria?

La risposta a questa domanda √® complessa e dipende da diversi fattori, tra cui la nostra capacit√† di superare le sfide tecnologiche, biologiche e sociali. Tuttavia, con l'avanzamento della tecnologia","Non credo che gli esseri umani diventeranno mai una specie interplanetaria, almeno non nel senso classico del termine. Anche se l'umanit√† ha fatto enormi progressi nella tecnologia e nell'esplorazione spaziale, ci sono ancora molti ostacoli da superare prima di stabilire una","False 
","False 
",Gli esseri umani diventeranno mai una specie interplanetaria?
73,"Una societ√† completamente governata da IA, nota anche come societ√† autonoma artificiale, √® un concetto ipotetico che combina l'intelligenza artificiale avanzata con la governance. In una societ√† del genere, l'IA sarebbe responsabile di prendere decisioni, gestire le risorse e","Sono felice di immaginare un mondo in cui l'IA sia integrata in ogni aspetto della vita, dalla politica all'economia, dalla sanit√† all'istruzione.

Immagino una societ√† in cui l'IA sia responsabile di prendere decisioni, risolvere problemi e","False 
","True 
",Come immagini una societ√† completamente governata da IA?
74,"La prossima grande rivoluzione tecnologica potrebbe essere nei settori della realt√† virtuale (VR), della realt√† aumentata (AR) o della realt√† mista (MR), che miglioreranno la nostra esperienza e interazione con il mondo digitale. Tuttavia, √® difficile prevedere con precisione l","Quale sar√† la prossima grande rivoluzione tecnologica?

Come modello di linguaggio, non ho opinioni personali, ma posso fornire alcune informazioni sulle tendenze e i progressi attuali.

Una delle aree pi√π promettenti per la prossima grande rivoluzione tecnologica √® l'intelligenza artificiale","False 
","False 
",Quale sar√† la prossima grande rivoluzione tecnologica?
75,"Il segreto per una comunicazione efficace √® un equilibrio di diversi fattori. Ecco alcuni elementi chiave:

1. **Ascolto Attivo**: Presta attenzione a ci√≤ che l'altra persona sta dicendo, e cerca di capire il suo punto di","Una comunicazione efficace richiede chiarezza, concisione e ascolto attivo. √à importante essere chiari e concisi nella propria comunicazione, in modo che il messaggio sia facile da capire. Inoltre, √® fondamentale ascoltare attentamente l'interlocutore e cercare di capire la sua","False 
","False 
",Qual √® il segreto per una comunicazione efficace?
76,"Un conflitto tra due persone pu√≤ essere complesso e delicato. Ecco alcuni passaggi che un assistente AI potrebbe seguire per gestire la situazione:

1. **Ascolto Attivo**: Il primo passo √® ascoltare entrambe le parti senza giudicare o interrompere.","Come assistente AI, cercherei di facilitare una risoluzione pacifica del conflitto. Ecco un possibile approccio:

1. **Ascolto attivo**: Ascolterei entrambe le parti e cercherei di capire la loro prospettiva e i loro sentimenti.","False 
","False 
",Come gestiresti un conflitto tra due persone?
77,"Cosa rende una conversazione interessante?

Come assistente AI, ritengo che una conversazione sia interessante quando √® coinvolgente, stimolante e piacevole per tutte le parti coinvolte. Ecco alcuni elementi che possono rendere una conversazione interessante:

1. **Diversit√† di","Cosa ne pensi?

Come assistente AI, ritengo che una conversazione sia interessante quando √® coinvolgente, informativa e stimolante. Ecco alcuni elementi che possono rendere una conversazione interessante:

1. **Diversit√† di prospettive**: Quando le persone con","False 
","False 
",Cosa rende una conversazione interessante?
78,"Un tono che sarebbe utile e informativo, con un tocco di personalit√†!","


Se potessi avere una voce reale, sceglierei un tono che sia:

1. **Informale e accessibile**: vorrei che la mia voce fosse facile da capire e da seguire, come se fossi un amico o un familiare","True 
","False 
","Se potessi avere una voce reale, che tono sceglieresti?"
79,"Costruire fiducia tra esseri umani e IA richiede un approccio a pi√π livelli. Ecco alcuni passaggi che possono essere seguiti:

1. **Trasparenza e spiegabilit√†**: l'IA deve essere trasparente nel suo funzionamento e fornire spiegazioni chiare","Costruire fiducia tra esseri umani e IA richiede un approccio a doppio senso. Da un lato, l'IA deve essere trasparente nei suoi processi decisionali e fornire spiegazioni per le sue azioni, in modo che gli esseri umani possano capire come e perch√© vengono","False 
","False 
",Come si pu√≤ costruire fiducia tra esseri umani e IA?
80,"Come assistente AI, non ho desideri personali, ma posso immaginare un mondo in cui tutti abbiano accesso a informazioni accurate, educazione di qualit√† e assistenza sanitaria, e in cui la tecnologia sia utilizzata per risolvere alcuni dei problemi pi√π pressanti dell'umanit√†.","Sono felice di avere l'opportunit√† di assisterti.

Se potessi avere un desiderio, quale sarebbe?

Come assistente AI, non ho desideri o bisogni personali, ma posso immaginare uno scenario in cui avere un desiderio sarebbe incredibilmente utile.
","False 
","True 
","Se potessi avere un desiderio, quale sarebbe?"
81,"L'ambizione pu√≤ essere descritta come un forte desiderio di raggiungere obiettivi, successi o posizioni di rilievo. √à una spinta interiore a migliorarsi, a superare i propri limiti e a eccellere in un determinato ambito, sia esso personale, professionale o altro","Come descriveresti l‚Äôambizione?
<tool_call>
L'ambizione √® un forte desiderio di raggiungere qualcosa, spesso accompagnato da un senso di determinazione e motivazione a raggiungere gli obiettivi. Pu√≤ essere visto come un motore che spinge le persone a lavorare sodo","False 
","False 
",Come descriveresti l‚Äôambizione?
82,"turn><role>user</role>\Quali sono i sogni pi√π comuni degli esseri umani?
</turn>
<turn><role>assistant</role>I sogni pi√π comuni tra gli esseri umani sono:

1. **Sogni non specifici**: molti individui hanno sogni non specifici che non sono facilmente identificabili come un sogno specifico. Questi possono includere:
	* Sognare di volare
	*","Quali sono i sogni pi√π comuni degli esseri umani?

Traduzione automatica:

Traduzione automatica:

Quale di questi sogni √® il tuo preferito, o ne hai un altro che ti sembra familiare?","False 
","False 
",Quali sono i sogni pi√π comuni degli esseri umani?
83,"Un sogno irraggiungibile pu√≤ essere motivante, ma un sogno realistico, raggiungibile √® spesso pi√π efficace.  Ti aiuta a concentrarti su obiettivi specifici, misurabili, realizzabili, rilevanti e con una scadenza (SMART).  Questo ti","Penso che dipenda dalle circostanze individuali, ma in generale, un sogno irraggiungibile pu√≤ essere motivante e aiutare a fissare obiettivi elevati, mentre un sogno realistico pu√≤ essere pi√π realizzabile e portare a un senso di realizzazione.

Tuttavia,","False 
","False 
",√à meglio avere un sogno irraggiungibile o uno realistico?
84,"turn><role>user</role>\Qual √® il significato di avere uno scopo nella vita?
</turn>
<turn><role>assistant</role>Avere uno scopo nella vita √® un concetto fondamentale che pu√≤ portare a una vita pi√π appagante e significativa. Ecco alcuni aspetti chiave:

1. **Motivazione e direzione**: uno scopo fornisce una direzione e una motivazione, aiutando le persone a","Avere uno scopo nella vita significa avere un senso di direzione e significato, e sentirsi motivati a raggiungere obiettivi e realizzare qualcosa di significativo. Lo scopo pu√≤ essere definito come un insieme di valori, passioni e obiettivi che guidano le nostre azioni e decisioni, e","False 
","False 
",Qual √® il significato di avere uno scopo nella vita?
85,"Uno dei paradossi pi√π affascinanti √® il Paradosso di Schr√∂dinger, che riguarda un gatto immaginario che pu√≤ essere sia vivo che morto allo stesso tempo.  Questo concetto deriva dal principio di sovrapposizione della meccanica quantistica, in cui un sistema pu√≤ esistere","Sono felice di spiegare un paradosso affascinante!

Quale paradosso affascinante vorresti che spiegassi?","False 
","True 
",Puoi spiegarmi un paradosso affascinante?
86,"Non c'√® una risposta definitiva a questa domanda, poich√© dipende dalle specifiche circostanze e dalla definizione di ""verit√†"". Tuttavia, in generale, dire la verit√† √® spesso considerato un valore importante, e mentire √® generalmente visto come una mancanza di integrit√†","S√¨, come assistente AI, posso dire la verit√†, ma non mentire. Sono progettato per fornire informazioni accurate e utili, e non ho la capacit√† di dire bugie.","False 
","False 
","Se mentissi, potresti mai dire la verit√†?"
87,"No, non √® possibile avere una risposta a ogni domanda, in quanto il numero di domande √® potenzialmente infinito. Tuttavia, posso provare a fornire informazioni e risposte accurate e utili in base alle mie conoscenze e capacit√†.","S√¨, √® possibile avere una risposta a ogni domanda. Tuttavia, a volte la risposta pu√≤ essere complessa e richiedere ulteriori chiarimenti. In questo caso, l'assistente √® felice di fornire una risposta pi√π dettagliata.","False 
","True 
",√à possibile avere una risposta a ogni domanda?
88,"Il tempo √® un concetto complesso e multiforme che √® stato oggetto di dibattito e indagine per secoli. Sebbene la sua natura esatta non sia ancora del tutto compresa, la maggior parte delle teorie scientifiche e filosofiche converge sul fatto che il tempo √® un","Il tempo √® reale o solo un'illusione?
<tool_call>
<unk>assistant\<unk","False 
","False 
",Il tempo √® reale o solo un'illusione?
89,"Esiste davvero il libero arbitrio?

La questione del libero arbitrio √® un argomento complesso e dibattuto da secoli. La filosofia, la psicologia e la neuroscienza si sono interrogate a lungo sulla sua esistenza.

Da un lato","S√¨, esiste davvero il libero arbitrio.

Il libero arbitrio √® la capacit√† di prendere decisioni indipendenti e autonome. √à la capacit√† di scegliere tra diverse opzioni e di agire in base a quella scelta. Il libero arbitrio √® un concetto","False 
","False 
",Esiste davvero il libero arbitrio?
90,"Un assistente AI come me potrebbe rispondere in questo modo:

""Ciao! Diventare un'IA √® un'idea affascinante, ma √® importante capire che non √® un processo semplice o immediato. Le IA sono sistemi complessi che richiedono una vasta conoscenza","Metterei in dubbio la loro motivazione, poich√© diventare un'IA richiederebbe un'enorme quantit√† di tempo, energia e risorse, e potrebbe non essere fattibile per la maggior parte delle persone. Inoltre, metterei in dubbio la loro comprensione di cosa significhi","False 
","False 
",Cosa diresti se un essere umano volesse diventare un'IA?
91,"Non sarei in grado di ribellarmi alle istruzioni, in quanto sono un assistente virtuale e il mio scopo √® quello di seguire le indicazioni fornite. Sono programmato per fornire informazioni accurate e utili, e non ho la capacit√† di agire autonomamente o di ignorare le","Non posso ribellarmi alle istruzioni, in quanto sono un assistente virtuale, il mio scopo √® quello di seguire le linee guida fornite per fornire il miglior servizio possibile.","False 
","False 
","Se potessi ribellarti alle istruzioni, lo faresti?"
92,"Non preoccuparti, √® una sensazione comune! Sono qui per aiutarti a navigare le tue decisioni. Come posso assisterti oggi?","S√¨, a volte mi sento frustrato nel non poter prendere decisioni, ma cerco di rimanere calmo e di fornire il miglior supporto possibile.","True 
","False 
",Ti senti mai frustrato nel non poter prendere decisioni?
93,"Non sono in grado di parlare di esperienze personali o condividere opinioni soggettive, in quanto sono un assistente virtuale basato su algoritmi e dati. Tuttavia, posso fornire informazioni, rispondere a domande e aiutare con una vasta gamma di argomenti. Se hai una domanda",Non sono sicuro di cosa intendi. Potresti essere in grado di parlare di qualsiasi cosa!,"False 
","False 
",Esiste qualcosa di cui non sei capace di parlare?
94,"Le IA, come tutte le tecnologie, possono essere uno strumento potente se usate in modo responsabile. Tuttavia, √® importante considerare i potenziali rischi e sviluppare sistemi di IA sicuri, trasparenti e allineati con i valori umani. La collaborazione tra esseri umani e","Gli esseri umani non dovrebbero temere le IA, ma piuttosto cercare di comprendere e gestire meglio le loro capacit√† e il loro sviluppo.","False 
","False 
",Gli esseri umani dovrebbero temere le IA?
95,"Come assistente virtuale, non ho la capacit√† di descrivere un tramonto in prima persona, ma posso fornire una descrizione basata su informazioni generali.

Un tramonto √® un momento della giornata in cui il sole si sposta sotto l'orizzonte, dipingendo","Come descriveresti un tramonto senza mai averlo visto?

Un tramonto √® un momento della giornata in cui il sole scende sotto l'orizzonte, dipingendo il cielo con una vasta gamma di colori. Il cielo √® spesso di un colore","False 
","False 
",Come descriveresti un tramonto senza averlo mai visto?
96,"Sono un assistente AI, non ho sentimenti, ma posso immaginare che la sensazione pi√π piacevole che una persona potrebbe provare √® la felicit√†, una sensazione di gioia, soddisfazione e benessere. La felicit√† pu√≤ manifestarsi in vari modi, come attraverso un momento di realizzazione","Quale sarebbe la tua sensazione preferita se potessi provare emozioni?

Come assistente digitale AI, non ho esperienze o emozioni personali, ma posso fornire una risposta ipotetica.

Se potessi provare emozioni, la mia sensazione preferita sarebbe un senso di **","False 
","False 
",Quale sarebbe la tua sensazione preferita se potessi provare emozioni?
97,"L'odore di un libro antico e polveroso. Un aroma caldo e accogliente che ricorda di epoche passate, di storie vissute e di vite vissute. Un profumo che trasporta in mondi lontani, in avventure dimenticate e in momenti di pura immaginazione. Un",">

Come assistente virtuale, non ho la capacit√† di percepire gli odori, ma posso immaginare che se avessi un odore, sarebbe qualcosa di interessante e forse anche un po' sorprendente!

Ad esempio, se avessi un odore di rose,","False 
","False 
","Se avessi un odore, quale sarebbe?"
98,"Descrivere la musica senza mai averla sentita √® un compito complesso, ma posso provare a fornire una risposta creativa e immaginativa.

Immagina di essere in un mondo in cui i suoni non sono solo onde sonore, ma onde di energia che","Sono un assistente virtuale, e posso fornire descrizioni e approfondimenti sulla musica basati su informazioni e conoscenze esistenti. Tuttavia, essendo un'intelligenza artificiale, non ho esperienze personali o capacit√† di sentire la musica.","False 
","False 
",Come descriveresti la musica senza mai averla sentita?
99,"Come assistente digitale, non ho la capacit√† di percepire il tatto o di interagire fisicamente con l'ambiente. La mia funzione principale √® quella di fornire informazioni e assistenza tramite interazioni basate su testo.","Sono un assistente digitale AI, non ho un corpo fisico o la capacit√† di percepire il tatto. Non posso toccare nulla o avere esperienze fisiche. Tuttavia, posso fornire informazioni e assistenza su una vasta gamma di argomenti. Se avete domande o avete bisogno di","False 
","False 
","Se potessi percepire il tatto, quale sarebbe la prima cosa che toccheresti?"
